 Liga;Matchday;Date;Time;Home team;Away team;System of play;Coach;Attendance;Result
Chance Liga;1;Sat 19/07/2025;8:00 odp.;Jablonec (4.);Sparta Prague (2.);03.04.2003;Brian Priske;5.500;0,042361111
Chance Liga;2;Sun 27/07/2025;8:00 odp.;Sparta Prague (10.);Mlada Boleslav (7.);03.04.2003;Brian Priske;17.202;0,126388889
Chance Liga;3;Sun 03/08/2025;8:00 odp.;Pardubice (16.);Sparta Prague (6.);03.04.2003;Brian Priske;4.620;0,04375
Chance Liga;4;Sun 10/08/2025;8:00 odp.;Sparta Prague (2.);Sigma Olomouc (5.);03.04.2003;Brian Priske;17.434;0,041666667
Chance Liga;5;Sun 17/08/2025;8:00 odp.;Slovan Liberec (7.);Sparta Prague (2.);03.04.2003;Brian Priske;9.120;0,001388889
Chance Liga;6;Sun 24/08/2025;8:00 odp.;Sparta Prague (1.);Dukla Prague (12.);03.04.2003;Brian Priske;17.288;0,126388889
Chance Liga;7;Sun 31/08/2025;8:00 odp.;Sparta Prague (1.);Zlin (3.);03.04.2003;Brian Priske;16.936;0,125694444
Chance Liga;8;Sun 14/09/2025;6:00 odp.;Hradec Kralove (11.);Sparta Prague (1.);03.04.2003;Brian Priske;9.300;0,084027778
Chance Liga;9;Sat 20/09/2025;6:00 odp.;Sparta Prague (2.);Viktoria Plzeň (4.);03.04.2003;Brian Priske;17.752;0,084027778
Chance Liga;10;Sat 27/09/2025;3:00 odp.;Banik Ostrava (11.);Sparta Prague (1.);03.04.2003;Brian Priske;13.506;0,002083333
Chance Liga;11;Sun 05/10/2025;6:30 odp.;Sparta Prague (1.);Slavia Praha (2.);03.04.2003;Brian Priske;18.213;0,042361111
Chance Liga;12;Sun 19/10/2025;3:30 odp.;Slovacko (14.);Sparta Prague (1.);03.04.2003;Brian Priske;6.544;0
Chance Liga;13;Tue 28/10/2025;5:00 odp.;Sparta Prague (1.);Bohemians 1905 (10.);03.04.2003;Brian Priske;17.560;0,084027778
Chance Liga;14;Sun 02/11/2025;3:30 odp.;Karvina (7.);Sparta Prague (1.);03.04.2003;Brian Priske;4.530;0,084027778
Chance Liga;15;Sun 09/11/2025;3:30 odp.;Sparta Prague (2.);Teplice (13.);03.04.2003;Brian Priske;16.145;0,084722222
Chance Liga;16;Sat 22/11/2025;3:00 odp.;Mlada Boleslav (11.);Sparta Prague (2.);03.04.2003;Brian Priske;4.173;0,043055556
Chance Liga;17;Sun 30/11/2025;6:30 odp.;Sparta Prague (2.);Pardubice (14.);03.04.2003;Brian Priske;16.193;0,086111111
Chance Liga;18;Sat 06/12/2025;6:00 odp.;Sigma Olomouc (7.);Sparta Prague (2.);4-3-3 Defending;Brian Priske;10.736;0,000694444
Chance Liga;19;Sun 14/12/2025;6:30 odp.;Sparta Prague (2.);Slovan Liberec (4.);03.04.2003;Brian Priske;16.154;0,084722222
Chance Liga;20;Sat 31/01/2026;6:00 odp.;Dukla Prague (14.);Sparta Prague (2.);03.04.2003;Brian Priske;7.292;0,002083333
Chance Liga;21;Sun 08/02/2026;3:30 odp.;Zlin (9.);Sparta Prague (2.);03.04.2003;Brian Priske;5.481;0,002083333
Chance Liga;22;Sun 15/02/2026;6:30 odp.;Sparta Prague (2.);Hradec Kralove (7.);03.04.2003;Brian Priske;15.893;0,083333333
Chance Liga;23;Sun 22/02/2026;6:30 odp.;Viktoria Plzeň (4.);Sparta Prague (2.);03.04.2003;Brian Priske;11.606;0
Chance Liga;24;Sat 28/02/2026;6:00 odp.;Sparta Prague (2.);Banik Ostrava (14.);03.04.2003;Brian Priske;18.056;0,209722222
Chance Liga;25;Sun 08/03/2026;6:30 odp.;Slavia Praha (1.);Sparta Prague (2.);03.04.2003;Brian Priske;19.314;0,125694444
Chance Liga;26;Sun 15/03/2026;6:30 odp.;Sparta Prague (2.);Slovacko (14.);4-3-3 Attacking;Brian Priske;15.323;0,209722222
Chance Liga;27;Sat 25/04/2026;4:00 odp.;Bohemians 1905 (12.);Sparta Prague (2.);;;;-:-
Chance Liga;28;Sun 05/04/2026;6:30 odp.;Sparta Prague;Karvina (8.);4-3-3 Attacking;Brian Priske;16.645;0,083333333
Chance Liga;29;Sun 12/04/2026;3:30 odp.;Teplice (11.);Sparta Prague;;;;-:-
Chance Liga;30;Sat 18/04/2026;6:00 odp.;Sparta Prague;Jablonec (4.);4-3-3 Attacking;Brian Priske;17.514;0,125694444
UEFA Conference League;Group Stage;Thu 02/10/2025;9:00 odp.;Sparta Prague;Shamrock Rovers;03.04.2003;Brian Priske;17.104;0,167361111
UEFA Conference League;Group Stage;Fri 24/10/2025;4:00 odp.;HNK Rijeka;Sparta Prague;03.04.2003;Brian Priske;3.578;0,041666667
UEFA Conference League;Group Stage;Thu 06/11/2025;6:45 odp.;Sparta Prague;Raków;03.04.2003;Brian Priske;17.688;0
UEFA Conference League;Group Stage;Thu 27/11/2025;9:00 odp.;Legia Warszawa;Sparta Prague;03.04.2003;Brian Priske;17.743;0,000694444
UEFA Conference League;Group Stage;Thu 11/12/2025;6:45 odp.;Un. Craiova;Sparta Prague;03.04.2003;Brian Priske;20.210;0,043055556
UEFA Conference League;Group Stage;Thu 18/12/2025;9:00 odp.;Sparta Prague;Aberdeen FC;03.04.2003;Brian Priske;14.343;0,125
UEFA Conference League;last 16 1st leg;Thu 12/03/2026;6:45 odp.;AZ Alkmaar;Sparta Prague;03.04.2003;Brian Priske;14.013;0,084027778
UEFA Conference League;last 16 2nd leg;Thu 19/03/2026;9:00 odp.;Sparta Prague;AZ Alkmaar;4-3-3 Attacking;Brian Priske;18.102;0,002777778
UEFA Conference League Qualifiers;Second Round 1st leg;Thu 24/07/2025;6:00 odp.;Aktobe;Sparta Prague;03.04.2003;Brian Priske;12.100;0,084027778
UEFA Conference League Qualifiers;Second Round 2nd leg;Thu 31/07/2025;8:00 odp.;Sparta Prague;Aktobe;03.04.2003;Brian Priske;17.235;0,166666667
UEFA Conference League Qualifiers;3rd round 1st leg;Thu 07/08/2025;8:00 odp.;Sparta Prague;Ararat-Armenia;03.04.2003;Brian Priske;17.316;0,167361111
UEFA Conference League Qualifiers;3rd round 2nd leg;Thu 14/08/2025;6:00 odp.;Ararat-Armenia;Sparta Prague;03.04.2003;Brian Priske;1.300;0,043055556
UEFA Conference League Qualifiers;Qualifying Round 1st leg;Thu 21/08/2025;8:00 odp.;Sparta Prague;Riga;03.04.2003;Brian Priske;17.168;0,083333333
UEFA Conference League Qualifiers;Qualifying Round 2nd leg;Wed 27/08/2025;6:45 odp.;Riga;Sparta Prague;03.04.2003;Brian Priske;5.633;0,041666667
MOL Cup;Third Round;Wed 24/09/2025;4:00 odp.;Karlovy Vary;Sparta Prague;03.04.2003;Brian Priske;4.720;0,003472222
MOL Cup;Round of 16;Wed 03/12/2025;6:00 odp.;Artis Brno;Sparta Prague;03.04.2003;Brian Priske;5.716;0,043055556
MOL Cup;Quarter-Finals;Tue 03/03/2026;8:00 odp.;Mlada Boleslav;Sparta Prague;03.04.2003;Brian Priske;3.580;4:2 on pens
Chance Liga Championship Group;1;Sun 27/04/2025;6:30 odp.;Viktoria Plzeň (2.);Sparta Prague (4.);03.04.2003;Lars Friis;10.809;0,083333333
Chance Liga Championship Group;2;Sun 04/05/2025;6:30 odp.;Sparta Prague (4.);Jablonec (5.);03.04.2003;Lars Friis;13.934;0,04375
Chance Liga Championship Group;3;Sat 10/05/2025;7:00 odp.;Slavia Praha (1.);Sparta Prague (4.);03.04.2003;Lars Friis;19.048;0,084027778
Chance Liga Championship Group;4;Sun 18/05/2025;5:00 odp.;Banik Ostrava (3.);Sparta Prague (4.);3-5-2 flat;Lubos Loucka;14.645;0,126388889
Chance Liga Championship Group;5;Sat 24/05/2025;4:00 odp.;Sparta Prague (5.);Sigma Olomouc (6.);3-5-2 flat;Lubos Loucka;14.541;0,042361111
Chance Liga;1;Fri 19/07/2024;7:00 odp.;Sparta Prague (4.);Pardubice (15.);03.04.2003;Lars Friis;16.744;0,084027778
Chance Liga;2;Sat 27/07/2024;5:00 odp.;Teplice (12.);Sparta Prague (5.);03.04.2003;Lars Friis;15.946;0,044444444
Chance Liga;3;Fri 02/08/2024;8:00 odp.;Sparta Prague (1.);Dukla Prague (9.);03.04.2003;Lars Friis;16.826;0,083333333
Chance Liga;4;Sat 10/08/2024;5:00 odp.;Bohemians 1905 (8.);Sparta Prague (1.);03.04.2003;Lars Friis;5.783;0,043055556
Chance Liga;5;Sat 17/08/2024;8:00 odp.;Jablonec (5.);Sparta Prague (1.);03.04.2003;Lars Friis;5.500;0,043055556
Chance Liga;6;Sat 24/08/2024;5:00 odp.;Sparta Prague (1.);Slovacko (6.);03.04.2003;Lars Friis;16.723;0,084722222
Chance Liga;7;Sat 31/08/2024;8:00 odp.;Hradec Kralove (7.);Sparta Prague (3.);03.04.2003;Lars Friis;9.300;0,001388889
Chance Liga;8;Tue 03/12/2024;7:00 odp.;Sparta Prague (2.);Karvina (12.);03.04.2003;Lars Friis;10.788;0,167361111
Chance Liga;9;Sun 22/09/2024;3:30 odp.;C. Budejovice (16.);Sparta Prague (2.);03.04.2003;Lars Friis;6.681;0,001388889
Chance Liga;10;Fri 27/09/2024;7:30 odp.;Sparta Prague (2.);Sigma Olomouc (5.);03.04.2003;Lars Friis;16.538;0,085416667
Chance Liga;11;Sun 06/10/2024;6:30 odp.;Slavia Praha (1.);Sparta Prague (2.);03.04.2003;Lars Friis;19.308;0,084027778
Chance Liga;12;Sat 19/10/2024;7:00 odp.;Sparta Prague (2.);Slovan Liberec (10.);03.04.2003;Lars Friis;16.746;0,084027778
Chance Liga;13;Sun 27/10/2024;6:30 odp.;Viktoria Plzeň (3.);Sparta Prague (2.);03.04.2003;Lars Friis;11.620;0,041666667
Chance Liga;14;Sat 02/11/2024;7:00 odp.;Sparta Prague (3.);Banik Ostrava (4.);03.04.2003;Lars Friis;17.610;0,04375
Chance Liga;15;Sun 10/11/2024;3:30 odp.;Mlada Boleslav (9.);Sparta Prague (3.);03.04.2003;Lars Friis;4.868;0,084722222
Chance Liga;16;Sat 23/11/2024;4:00 odp.;Sparta Prague (3.);Teplice (13.);03.04.2003;Lars Friis;15.879;0,042361111
Chance Liga;17;Sat 30/11/2024;7:00 odp.;Dukla Prague (15.);Sparta Prague (3.);3-4-1-2;Lars Friis;6.992;0,042361111
Chance Liga;18;Sat 07/12/2024;7:00 odp.;Sparta Prague (3.);Bohemians 1905 (11.);03.05.2002;Lars Friis;14.777;0,041666667
Chance Liga;19;Sun 15/12/2024;1:00 odp.;Sparta Prague (3.);Jablonec (5.);03.05.2002;Lars Friis;15.963;0,084027778
Chance Liga;20;Sun 02/02/2025;1:00 odp.;Slovacko (9.);Sparta Prague (3.);3-5-2 flat;Lars Friis;8.000;0,001388889
Chance Liga;21;Sun 09/02/2025;6:30 odp.;Sparta Prague (3.);Hradec Kralove (8.);3-5-2 flat;Lars Friis;15.099;0,125
Chance Liga;22;Sat 15/02/2025;7:00 odp.;Karvina (11.);Sparta Prague (3.);3-5-2 flat;Lars Friis;3.416;0,085416667
Chance Liga;23;Sat 22/02/2025;7:00 odp.;Sparta Prague (3.);C. Budejovice (16.);3-5-2 flat;Lars Friis;14.955;0,084027778
Chance Liga;24;Sat 01/03/2025;4:00 odp.;Sigma Olomouc (6.);Sparta Prague (3.);3-5-2 flat;Lars Friis;12.267;0,043055556
Chance Liga;25;Sat 08/03/2025;7:00 odp.;Sparta Prague (3.);Slavia Praha (1.);3-5-2 flat;Lars Friis;18.207;0,083333333
Chance Liga;26;Sat 15/03/2025;7:00 odp.;Slovan Liberec (9.);Sparta Prague (2.);3-5-2 flat;Lars Friis;7.437;0,041666667
Chance Liga;27;Sun 30/03/2025;6:30 odp.;Sparta Prague (2.);Viktoria Plzeň (4.);3-5-2 flat;Lars Friis;17.533;0,086111111
Chance Liga;28;Sat 05/04/2025;4:00 odp.;Banik Ostrava (2.);Sparta Prague (4.);03.04.2003;Lars Friis;15.080;0,042361111
Chance Liga;29;Sun 13/04/2025;3:30 odp.;Sparta Prague (4.);Mlada Boleslav (11.);03.04.2003;Lars Friis;16.845;0,083333333
Chance Liga;30;Sat 19/04/2025;4:00 odp.;Pardubice (15.);Sparta Prague (4.);03.04.2003;Lars Friis;4.620;0,043055556
UEFA Champions League;Group Stage;Wed 18/09/2024;6:45 odp.;Sparta Prague;Salzburg;03.04.2003;Lars Friis;17.612;0,125
UEFA Champions League;Group Stage;Tue 01/10/2024;6:45 odp.;Stuttgart;Sparta Prague;03.04.2003;Lars Friis;60.000;0,042361111
UEFA Champions League;Group Stage;Wed 23/10/2024;9:00 odp.;Man City;Sparta Prague;03.04.2003;Lars Friis;50.116;0,208333333
UEFA Champions League;Group Stage;Wed 06/11/2024;9:00 odp.;Sparta Prague;Stade Brestois;03.04.2003;Lars Friis;18.033;0,043055556
UEFA Champions League;Group Stage;Tue 26/11/2024;6:45 odp.;Sparta Prague;Atlético;03.04.2003;Lars Friis;18.110;0,004166667
UEFA Champions League;Group Stage;Wed 11/12/2024;9:00 odp.;Feyenoord;Sparta Prague;3-5-2 flat;Lars Friis;45.000;0,168055556
UEFA Champions League;Group Stage;Wed 22/01/2025;9:00 odp.;Sparta Prague;Inter;3-5-2 flat;Lars Friis;18.010;0,000694444
UEFA Champions League;Group Stage;Wed 29/01/2025;9:00 odp.;Leverkusen;Sparta Prague;3-5-2 flat;Lars Friis;30.210;0,083333333
UEFA Champions League Qualifying;Second Round 1st leg;Tue 23/07/2024;9:00 odp.;Shamrock Rovers;Sparta Prague;03.04.2003;Lars Friis;9.684;0,001388889
UEFA Champions League Qualifying;Second Round 2nd leg;Tue 30/07/2024;7:00 odp.;Sparta Prague;Shamrock Rovers;03.04.2003;Lars Friis;17.367;0,168055556
UEFA Champions League Qualifying;3rd round 1st leg;Tue 06/08/2024;8:00 odp.;Sparta Prague;FCSB;03.04.2003;Lars Friis;17.229;0,042361111
UEFA Champions League Qualifying;3rd round 2nd leg;Tue 13/08/2024;8:30 odp.;FCSB;Sparta Prague;03.04.2003;Lars Friis;28.875;0,085416667
UEFA Champions League Qualifying;Qualifying Round 1st leg;Wed 21/08/2024;9:00 odp.;Malmö;Sparta Prague;03.04.2003;Lars Friis;20.589;0,001388889
UEFA Champions League Qualifying;Qualifying Round 2nd leg;Tue 27/08/2024;9:00 odp.;Sparta Prague;Malmö;03.04.2003;Lars Friis;18.215;0,083333333
MOL Cup;Third Round;Wed 30/10/2024;7:15 odp.;Sparta Prague;Zbrojovka Brno;03.04.2003;Lars Friis;13.649;0,166666667
MOL Cup;Round of 16;Tue 25/02/2025;6:00 odp.;Sparta Prague;Dukla Prague;3-5-2 flat;Lars Friis;10.323;0,125
MOL Cup;Quarter-Finals;Wed 09/04/2025;7:00 odp.;Sparta Prague;Teplice;3-5-2 flat;Lars Friis;11.519;3:2 AET
MOL Cup;Semi-Finals;Wed 23/04/2025;7:00 odp.;Sparta Prague;Viktoria Plzeň;03.04.2003;Lars Friis;15.907;0,041666667
MOL Cup;Final;Wed 14/05/2025;7:00 odp.;Sigma Olomouc;Sparta Prague;03.05.2002;Lars Friis;12.014;0,125694444
Chance Liga Championship Group;1;Sun 05/05/2024;6:00 odp.;Slovacko (6.);Sparta Prague (1.);03.04.2003;Brian Priske;7.455;0,086111111
Chance Liga Championship Group;2;Sat 11/05/2024;5:30 odp.;Sparta Prague (1.);Slavia Praha (2.);03.04.2003;Brian Priske;18.199;0
Chance Liga Championship Group;3;Tue 14/05/2024;7:30 odp.;Sparta Prague (1.);Banik Ostrava (5.);03.04.2003;Brian Priske;17.057;0,084027778
Chance Liga Championship Group;4;Sat 18/05/2024;5:00 odp.;Mlada Boleslav (4.);Sparta Prague (1.);03.04.2003;Brian Priske;5.000;0,003472222
Chance Liga Championship Group;5;Sun 26/05/2024;4:00 odp.;Sparta Prague (1.);Viktoria Plzeň (3.);03.04.2003;Brian Priske;17.138;0,042361111
Chance Liga;1;Sun 23/07/2023;6:00 odp.;Sparta Prague (1.);Sigma Olomouc (8.);03.04.2003;Brian Priske;17.153;0,083333333
Chance Liga;2;Sat 29/07/2023;3:00 odp.;Zlin (16.);Sparta Prague (3.);03.04.2003;Brian Priske;5.521;0,000694444
Chance Liga;3;Sat 05/08/2023;3:00 odp.;Sparta Prague (2.);Pardubice (11.);03.04.2003;Brian Priske;16.911;0,209722222
Chance Liga;4;Sat 12/08/2023;6:00 odp.;Jablonec (12.);Sparta Prague (1.);03.04.2003;Brian Priske;5.684;0,045138889
Chance Liga;5;Sat 19/08/2023;6:00 odp.;Teplice (4.);Sparta Prague (1.);03.04.2003;Brian Priske;15.840;0,042361111
Chance Liga;6;Sun 27/08/2023;6:00 odp.;Sparta Prague (2.);Karvina (12.);03.04.2003;Brian Priske;16.256;0,125694444
Chance Liga;7;Sun 03/09/2023;3:00 odp.;Slovan Liberec (7.);Sparta Prague (1.);03.04.2003;Brian Priske;7.627;0,001388889
Chance Liga;8;Sun 17/09/2023;6:00 odp.;Sparta Prague (1.);Slovacko (5.);03.04.2003;Brian Priske;17.039;0,208333333
Chance Liga;9;Sun 24/09/2023;6:00 odp.;Slavia Praha (2.);Sparta Prague (1.);03.04.2003;Brian Priske;19.370;0,042361111
Chance Liga;10;Sat 30/09/2023;6:00 odp.;Sparta Prague (1.);Viktoria Plzeň (3.);03.04.2003;Brian Priske;17.791;0,084027778
Chance Liga;11;Sun 08/10/2023;3:00 odp.;Hradec Kralove (10.);Sparta Prague (1.);03.04.2003;Brian Priske;9.300;0,04375
Chance Liga;12;Sun 22/10/2023;3:00 odp.;Sparta Prague (1.);C. Budejovice (12.);03.04.2003;Brian Priske;16.537;0,166666667
Chance Liga;13;Sun 29/10/2023;3:00 odp.;Mlada Boleslav (6.);Sparta Prague (1.);03.04.2003;Brian Priske;5.000;0,125694444
Chance Liga;14;Sat 04/11/2023;6:00 odp.;Sparta Prague (2.);Bohemians 1905 (8.);03.04.2003;Brian Priske;17.411;0,083333333
Chance Liga;15;Sun 12/11/2023;3:00 odp.;Banik Ostrava (4.);Sparta Prague (1.);03.04.2003;Brian Priske;15.081;0,000694444
Chance Liga;16;Sun 26/11/2023;6:00 odp.;Sparta Prague (1.);Zlin (15.);03.04.2003;Brian Priske;16.877;0,083333333
Chance Liga;17;Sun 03/12/2023;3:00 odp.;Pardubice (13.);Sparta Prague (1.);03.04.2003;Brian Priske;4.620;0,043055556
Chance Liga;18;Sat 09/12/2023;3:00 odp.;Sparta Prague (1.);Jablonec (12.);03.04.2003;Brian Priske;16.111;0,125
Chance Liga;19;Sun 17/12/2023;6:00 odp.;Sparta Prague (1.);Teplice (9.);03.04.2003;Brian Priske;16.530;0,084027778
Chance Liga;20;Sat 10/02/2024;3:00 odp.;Karvina (14.);Sparta Prague (1.);03.04.2003;Brian Priske;4.238;0,002083333
Chance Liga;21;Sun 18/02/2024;6:00 odp.;Sparta Prague (1.);Slovan Liberec (5.);03.04.2003;Brian Priske;16.829;0,084027778
Chance Liga;22;Sun 25/02/2024;6:00 odp.;Slovacko (4.);Sparta Prague (1.);03.04.2003;Brian Priske;8.000;0,04375
Chance Liga;23;Sun 03/03/2024;6:00 odp.;Sparta Prague (1.);Slavia Praha (2.);03.04.2003;Brian Priske;18.283;0
Chance Liga;24;Sun 10/03/2024;6:00 odp.;Viktoria Plzeň (3.);Sparta Prague (1.);03.04.2003;Brian Priske;11.611;0,166666667
Chance Liga;25;Sun 17/03/2024;6:00 odp.;Sparta Prague (1.);Hradec Kralove (12.);03.04.2003;Brian Priske;16.666;0,084027778
Chance Liga;26;Sun 31/03/2024;6:00 odp.;C. Budejovice (16.);Sparta Prague (1.);03.04.2003;Brian Priske;6.681;0,000694444
Chance Liga;27;Sun 07/04/2024;6:00 odp.;Sparta Prague (1.);Mlada Boleslav (6.);03.04.2003;Brian Priske;17.009;0,042361111
Chance Liga;28;Sat 13/04/2024;3:00 odp.;Bohemians 1905 (11.);Sparta Prague (2.);03.04.2003;Brian Priske;6.195;0,04375
Chance Liga;29;Sat 20/04/2024;3:00 odp.;Sparta Prague (1.);Banik Ostrava (4.);03.04.2003;Brian Priske;17.706;0,16875
Chance Liga;30;Sun 28/04/2024;3:00 odp.;Sigma Olomouc (8.);Sparta Prague (1.);03.04.2003;Brian Priske;12.359;0,044444444
UEFA Europa League;Group C;Thu 21/09/2023;9:00 odp.;Sparta Prague;Aris Limassol;03.04.2003;Brian Priske;17.371;0,126388889
UEFA Europa League;Group C;Thu 05/10/2023;6:45 odp.;Real Betis;Sparta Prague;03.04.2003;Brian Priske;45.037;0,084027778
UEFA Europa League;Group C;Thu 26/10/2023;6:45 odp.;Sparta Prague;Rangers;03.04.2003;Brian Priske;18.250;0
UEFA Europa League;Group C;Thu 09/11/2023;9:00 odp.;Rangers;Sparta Prague;03.04.2003;Brian Priske;50.817;0,084027778
UEFA Europa League;Group C;Thu 30/11/2023;6:45 odp.;Sparta Prague;Real Betis;03.04.2003;Brian Priske;18.095;0,041666667
UEFA Europa League;Group C;Thu 14/12/2023;9:00 odp.;Aris Limassol;Sparta Prague;03.04.2003;Brian Priske;2.859;0,04375
UEFA Europa League;intermediate stage 1st leg;Thu 15/02/2024;6:45 odp.;Galatasaray;Sparta Prague;03.04.2003;Brian Priske;46.583;0,126388889
UEFA Europa League;intermediate stage 2nd leg;Thu 22/02/2024;9:00 odp.;Sparta Prague;Galatasaray;3-4-1-2;Brian Priske;18.250;0,167361111
UEFA Europa League;last 16 1st leg;Thu 07/03/2024;6:45 odp.;Sparta Prague;Liverpool;03.04.2003;Brian Priske;18.349;0,045138889
UEFA Europa League;last 16 2nd leg;Thu 14/03/2024;9:00 odp.;Liverpool;Sparta Prague;03.05.2002;Brian Priske;59.581;0,250694444
UEFA Europa League Qualifying;Qualifying Round 1st leg;Thu 24/08/2023;8:00 odp.;Dinamo Zagreb;Sparta Prague;03.04.2003;Brian Priske;12.170;0,125694444
UEFA Europa League Qualifying;Qualifying Round 2nd leg;Thu 31/08/2023;7:00 odp.;Sparta Prague;Dinamo Zagreb;03.04.2003;Brian Priske;17.953;0,167361111
UEFA Champions League Qualifying;3rd round 1st leg;Tue 08/08/2023;8:00 odp.;Copenhagen;Sparta Prague;03.04.2003;Brian Priske;27.170;0
UEFA Champions League Qualifying;3rd round 2nd leg;Tue 15/08/2023;7:00 odp.;Sparta Prague;Copenhagen;03.04.2003;Brian Priske;18.109;5:7 on pens
MOL Cup;Third Round;Wed 27/09/2023;4:00 odp.;Lisen;Sparta Prague;03.04.2003;Brian Priske;1.735;0,000694444
MOL Cup;Round of 16;Wed 01/11/2023;5:30 odp.;Bohemians 1905;Sparta Prague;03.04.2003;Brian Priske;5.012;0,043055556
MOL Cup;Quarter-Finals;Wed 28/02/2024;6:00 odp.;Slavia Praha;Sparta Prague;03.04.2003;Brian Priske;19.223;2:3 AET
MOL Cup;Semi-Finals;Wed 03/04/2024;6:00 odp.;SFC Opava;Sparta Prague;03.04.2003;Brian Priske;6.583;0,001388889
MOL Cup;Final;Wed 22/05/2024;6:00 odp.;Viktoria Plzeň;Sparta Prague;03.04.2003;Brian Priske;10.647;0,043055556
Chance Liga Championship Group;1;Sun 07/05/2023;3:00 odp.;Sigma Olomouc (6.);Sparta Prague (1.);03.04.2003;Brian Priske;9.364;0,000694444
Chance Liga Championship Group;2;Sat 13/05/2023;6:00 odp.;Sparta Prague (1.);Slavia Praha (2.);03.04.2003;Brian Priske;18.113;0,126388889
Chance Liga Championship Group;3;Sat 20/05/2023;3:00 odp.;Sparta Prague (1.);Bohemians 1905 (4.);03.04.2003;Brian Priske;17.155;0,084027778
Chance Liga Championship Group;4;Tue 23/05/2023;7:00 odp.;Slovacko (4.);Sparta Prague (1.);3-5-2 flat;Brian Priske;8.000;0
Chance Liga Championship Group;5;Sat 27/05/2023;4:00 odp.;Sparta Prague (1.);Viktoria Plzeň (3.);3-5-2 flat;Brian Priske;17.593;0,000694444
Chance Liga;1;Sun 31/07/2022;7:00 odp.;Sparta Prague (1.);Slovan Liberec (7.);04.05.2001;Brian Priske;13.275;0,043055556
Chance Liga;2;Sun 07/08/2022;4:00 odp.;C. Budejovice (3.);Sparta Prague (13.);4-4-2 Diamond;Brian Priske;6.681;0,001388889
Chance Liga;3;Sun 14/08/2022;7:00 odp.;Sparta Prague (6.);Sigma Olomouc (9.);4-2-3-1;Brian Priske;14.259;0,083333333
Chance Liga;4;Sat 20/08/2022;7:00 odp.;Mlada Boleslav (13.);Sparta Prague (6.);4-2-3-1;Brian Priske;4.750;0,04375
Chance Liga;5;Sat 27/08/2022;7:00 odp.;Sparta Prague (3.);Bohemians 1905 (6.);4-2-3-1;Brian Priske;17.305;0,042361111
Chance Liga;6;Tue 30/08/2022;8:00 odp.;Jablonec (13.);Sparta Prague (4.);04.04.2002;Brian Priske;4.958;0,042361111
Chance Liga;7;Sat 03/09/2022;7:00 odp.;Sparta Prague (5.);Trinity Zlin (10.);04.04.2002;Brian Priske;12.354;0
Chance Liga;8;Sat 10/09/2022;7:00 odp.;Teplice (11.);Sparta Prague (4.);04.04.2002;Brian Priske;10.555;0,084722222
Chance Liga;9;Sat 17/09/2022;7:00 odp.;Sparta Prague (4.);Banik Ostrava (10.);04.04.2002;Brian Priske;15.457;0,042361111
Chance Liga;10;Sat 01/10/2022;7:00 odp.;Sparta Prague (6.);Hradec Kralove (5.);4-4-2 double 6;Brian Priske;10.317;0,084027778
Chance Liga;11;Sat 08/10/2022;4:00 odp.;Zbrojovka Brno (7.);Sparta Prague (3.);04.05.2001;Brian Priske;9.588;0,002777778
Chance Liga;12;Sat 15/10/2022;7:00 odp.;Sparta Prague (3.);Pardubice (16.);4-2-3-1;Brian Priske;11.671;0,209722222
Chance Liga;13;Sun 23/10/2022;7:00 odp.;Slavia Praha (2.);Sparta Prague (3.);04.05.2001;Brian Priske;19.370;0,166666667
Chance Liga;14;Wed 09/11/2022;7:30 odp.;Sparta Prague (3.);Slovacko (10.);03.04.2003;Brian Priske;10.851;0,166666667
Chance Liga;15;Sat 05/11/2022;6:00 odp.;Viktoria Plzeň (1.);Sparta Prague (3.);03.04.2003;Brian Priske;10.898;0,000694444
Chance Liga;16;Sat 12/11/2022;6:00 odp.;Sparta Prague (3.);C. Budejovice (11.);03.04.2003;Brian Priske;13.269;0,041666667
Chance Liga;17;Sat 28/01/2023;6:00 odp.;Sigma Olomouc (4.);Sparta Prague (3.);03.04.2003;Brian Priske;7.126;0,042361111
Chance Liga;18;Sun 05/02/2023;6:00 odp.;Sparta Prague (3.);Mlada Boleslav (8.);03.04.2003;Brian Priske;10.333;0,167361111
Chance Liga;19;Sun 12/02/2023;6:00 odp.;Bohemians 1905 (4.);Sparta Prague (3.);03.04.2003;Brian Priske;6.012;0,0875
Chance Liga;20;Sun 19/02/2023;6:00 odp.;Sparta Prague (3.);Jablonec (12.);03.04.2003;Brian Priske;10.917;0,125
Chance Liga;21;Sat 25/02/2023;3:00 odp.;Trinity Zlin (15.);Sparta Prague (3.);03.04.2003;Brian Priske;5.112;0,085416667
Chance Liga;22;Sat 04/03/2023;6:00 odp.;Sparta Prague (3.);Teplice (14.);03.04.2003;Brian Priske;12.122;0,167361111
Chance Liga;23;Sat 11/03/2023;3:00 odp.;Banik Ostrava (13.);Sparta Prague (3.);03.04.2003;Brian Priske;13.099;0,002083333
Chance Liga;24;Sat 18/03/2023;3:00 odp.;Hradec Kralove (7.);Sparta Prague (2.);03.04.2003;Brian Priske;5.000;0,001388889
Chance Liga;25;Sun 02/04/2023;4:00 odp.;Sparta Prague (2.);Zbrojovka Brno (11.);03.04.2003;Brian Priske;17.288;0,125694444
Chance Liga;26;Sun 09/04/2023;7:00 odp.;Pardubice (16.);Sparta Prague (2.);03.04.2003;Brian Priske;4.620;0,001388889
Chance Liga;27;Sat 15/04/2023;7:00 odp.;Sparta Prague (1.);Slavia Praha (2.);03.04.2003;Brian Priske;18.305;0,127083333
Chance Liga;28;Sat 22/04/2023;4:00 odp.;Slovacko (5.);Sparta Prague (1.);03.04.2003;Brian Priske;8.000;0,042361111
Chance Liga;29;Wed 26/04/2023;7:30 odp.;Sparta Prague (2.);Viktoria Plzeň (3.);03.04.2003;Brian Priske;17.668;0,084027778
Chance Liga;30;Sun 30/04/2023;3:00 odp.;Slovan Liberec (7.);Sparta Prague (2.);03.04.2003;Brian Priske;7.258;0,04375
UEFA Conference League Qualifiers;Second Round 1st leg;Thu 21/07/2022;7:00 odp.;Sparta Prague;Viking FK;4-2-3-1;Brian Priske;12.667;0
UEFA Conference League Qualifiers;Second Round 2nd leg;Thu 28/07/2022;7:00 odp.;Viking FK;Sparta Prague;4-2-3-1;Brian Priske;8.300;0,084027778
MOL Cup;Third Round;Wed 19/10/2022;3:00 odp.;Domazlice;Sparta Prague;4-2-3-1;Brian Priske;3.114;0,045833333
MOL Cup;Round of 16;Sat 19/11/2022;3:00 odp.;Banik Ostrava;Sparta Prague;03.04.2003;Brian Priske;14.185;0,085416667
MOL Cup;Quarter-Finals;Wed 01/03/2023;5:00 odp.;Slovan Liberec;Sparta Prague;03.04.2003;Brian Priske;3.258;5:7 on pens
MOL Cup;Semi-Finals;Wed 05/04/2023;6:04 odp.;Sparta Prague;C. Budejovice;03.04.2003;Brian Priske;11.562;0,083333333
MOL Cup;Final;Wed 03/05/2023;7:00 odp.;Sparta Prague;Slavia Praha;03.04.2003;Brian Priske;17.037;0,001388889
Chance Liga Championship Group;1;Sat 23/04/2022;8:00 odp.;Sparta Prague (3.);Banik Ostrava (5.);4-2-3-1;Pavel Vrba;8.617;0,125694444
Chance Liga Championship Group;2;Sat 30/04/2022;7:00 odp.;Sparta Prague (3.);Hradec Kralove (6.);4-2-3-1;Pavel Vrba;7.371;0,042361111
Chance Liga Championship Group;3;Sun 08/05/2022;4:00 odp.;Viktoria Plzeň (1.);Sparta Prague (3.);4-2-3-1;Pavel Vrba;11.389;0,125
Chance Liga Championship Group;4;Wed 11/05/2022;7:00 odp.;Sparta Prague (3.);Slovacko (4.);4-2-3-1;Michal Hornak;7.093;0,043055556
Chance Liga Championship Group;5;Sun 15/05/2022;5:00 odp.;Slavia Praha (2.);Sparta Prague (3.);4-2-3-1;Michal Hornak;18.131;0,043055556
Chance Liga;1;Sat 24/07/2021;7:00 odp.;Sparta Prague (3.);Sigma Olomouc (9.);4-2-3-1;Pavel Vrba;7.325;0,126388889
Chance Liga;2;Sat 31/07/2021;7:00 odp.;Slovan Liberec (13.);Sparta Prague (1.);4-2-3-1;Pavel Vrba;5.000;0,003472222
Chance Liga;3;Sat 07/08/2021;4:00 odp.;Sparta Prague (1.);Karvina (10.);4-2-3-1;Pavel Vrba;5.136;0,083333333
Chance Liga;4;Sat 14/08/2021;7:00 odp.;Bohemians 1905 (14.);Sparta Prague (1.);4-2-3-1;Pavel Vrba;3.905;0,042361111
Chance Liga;5;Sat 21/08/2021;7:00 odp.;Sparta Prague (3.);Hradec Kralove (12.);4-2-3-1;Pavel Vrba;6.263;0,166666667
Chance Liga;6;Sat 28/08/2021;7:00 odp.;Sparta Prague (3.);C. Budejovice (7.);4-2-3-1;Pavel Vrba;6.363;0,041666667
Chance Liga;7;Sat 11/09/2021;7:00 odp.;Viktoria Plzeň (3.);Sparta Prague (1.);4-3-3 Attacking;Pavel Vrba;10.584;0,126388889
Chance Liga;8;Sun 19/09/2021;4:00 odp.;Sparta Prague (3.);Jablonec (11.);4-2-3-1;Pavel Vrba;8.115;0,042361111
Chance Liga;9;Sat 25/09/2021;7:00 odp.;Fastav Zlin (10.);Sparta Prague (3.);4-2-3-1;Pavel Vrba;4.520;0,086805556
Chance Liga;10;Sun 03/10/2021;7:00 odp.;Sparta Prague (3.);Slavia Praha (1.);4-2-3-1;Pavel Vrba;17.093;0,041666667
Chance Liga;11;Sun 17/10/2021;7:00 odp.;Pardubice (14.);Sparta Prague (3.);4-3-3 Attacking;Pavel Vrba;3.537;0,086111111
Chance Liga;12;Sun 24/10/2021;7:00 odp.;Sparta Prague (3.);Mlada Boleslav (8.);4-2-3-1;Pavel Vrba;7.544;0,041666667
Chance Liga;13;Sun 31/10/2021;3:00 odp.;Banik Ostrava (5.);Sparta Prague (2.);4-2-3-1;Pavel Vrba;14.572;0,084722222
Chance Liga;14;Sun 07/11/2021;6:00 odp.;Sparta Prague (4.);Teplice (15.);4-2-3-1;Pavel Vrba;5.617;0,168055556
Chance Liga;15;Sun 21/11/2021;3:00 odp.;Slovacko (4.);Sparta Prague (3.);4-2-3-1;Pavel Vrba;7.701;0,166666667
Chance Liga;16;Sun 28/11/2021;6:00 odp.;Sparta Prague (4.);Slovan Liberec (7.);4-2-3-1;Pavel Vrba;977;0,084027778
Chance Liga;17;Sat 04/12/2021;3:00 odp.;Karvina (15.);Sparta Prague (3.);4-2-3-1;Pavel Vrba;1.000;0,043055556
Chance Liga;18;Sun 12/12/2021;6:00 odp.;Sparta Prague (3.);Bohemians 1905 (11.);4-3-3 Attacking;Pavel Vrba;1.000;0,209027778
Chance Liga;19;Sat 18/12/2021;6:00 odp.;Hradec Kralove (6.);Sparta Prague (3.);4-3-3 Attacking;Pavel Vrba;1.000;0,000694444
Chance Liga;20;Sat 05/02/2022;6:00 odp.;C. Budejovice (8.);Sparta Prague (3.);4-2-3-1;Pavel Vrba;1.000;0
Chance Liga;21;Sun 13/02/2022;6:00 odp.;Sparta Prague (3.);Viktoria Plzeň (1.);4-2-3-1;Pavel Vrba;1.000;0,084722222
Chance Liga;22;Wed 09/03/2022;6:30 odp.;Jablonec (13.);Sparta Prague (3.);4-3-3 Attacking;Pavel Vrba;2.416;0,042361111
Chance Liga;23;Sun 27/02/2022;6:00 odp.;Sparta Prague (3.);Fastav Zlin (11.);4-2-3-1;Pavel Vrba;7.279;0,083333333
Chance Liga;24;Sun 06/03/2022;6:00 odp.;Slavia Praha (1.);Sparta Prague (3.);4-2-3-1;Pavel Vrba;19.370;0,083333333
Chance Liga;25;Sun 13/03/2022;6:00 odp.;Sparta Prague (3.);Pardubice (15.);4-2-3-1;Pavel Vrba;6.132;0,125694444
Chance Liga;26;Sun 20/03/2022;3:00 odp.;Mlada Boleslav (8.);Sparta Prague (3.);4-2-3-1;Pavel Vrba;4.715;0,002083333
Chance Liga;27;Sat 02/04/2022;7:00 odp.;Sparta Prague (3.);Banik Ostrava (5.);4-2-3-1;Pavel Vrba;15.205;0,084027778
Chance Liga;28;Sat 09/04/2022;7:00 odp.;Teplice (14.);Sparta Prague (3.);4-2-3-1;Pavel Vrba;10.063;0,002083333
Chance Liga;29;Sun 17/04/2022;5:00 odp.;Sparta Prague (3.);Slovacko (4.);4-2-3-1;Pavel Vrba;14.235;0,125694444
Chance Liga;30;Wed 20/04/2022;6:00 odp.;Sigma Olomouc (10.);Sparta Prague (3.);4-2-3-1;Pavel Vrba;9.157;0,083333333
UEFA Europa League;Group A;Thu 16/09/2021;9:00 odp.;Bröndby IF;Sparta Prague;4-3-3 Attacking;Pavel Vrba;18.867;0
UEFA Europa League;Group A;Thu 30/09/2021;6:45 odp.;Sparta Prague;Rangers;4-2-3-1;Pavel Vrba;10.879;0,041666667
UEFA Europa League;Group A;Thu 21/10/2021;9:00 odp.;Sparta Prague;Lyon;4-4-1-1;Pavel Vrba;12.427;0,127777778
UEFA Europa League;Group A;Thu 04/11/2021;6:45 odp.;Lyon;Sparta Prague;4-3-3 Attacking;Pavel Vrba;33.934;0,125
UEFA Europa League;Group A;Thu 25/11/2021;9:00 odp.;Rangers;Sparta Prague;4-2-3-1;Pavel Vrba;48.370;0,083333333
UEFA Europa League;Group A;Thu 09/12/2021;6:45 odp.;Sparta Prague;Bröndby IF;4-2-3-1;Pavel Vrba;976;0,083333333
UEFA Conference League;intermediate stage 1st leg;Thu 17/02/2022;9:00 odp.;Sparta Prague;Partizan;4-3-3 Attacking;Pavel Vrba;1.000;0,000694444
UEFA Conference League;intermediate stage 2nd leg;Thu 24/02/2022;6:45 odp.;Partizan;Sparta Prague;4-2-3-1;Pavel Vrba;13.864;0,084027778
UEFA Champions League Qualifying;Second Round 1st leg;Tue 20/07/2021;8:30 odp.;Rapid Vienna;Sparta Prague;4-4-1-1;Pavel Vrba;19.500;0,084027778
UEFA Champions League Qualifying;Second Round 2nd leg;Wed 28/07/2021;8:30 odp.;Sparta Prague;Rapid Vienna;4-3-3 Attacking;Pavel Vrba;9.000;0,083333333
UEFA Champions League Qualifying;3rd round 1st leg;Tue 03/08/2021;7:00 odp.;Sparta Prague;Monaco;4-3-3 Attacking;Pavel Vrba;10.533;0,001388889
UEFA Champions League Qualifying;3rd round 2nd leg;Tue 10/08/2021;8:00 odp.;Monaco;Sparta Prague;4-3-3 Attacking;Pavel Vrba;5.476;0,125694444
MOL Cup;Third Round;Wed 22/09/2021;4:00 odp.;Lisen;Sparta Prague;4-2-3-1;Pavel Vrba;2.070;0,002083333
MOL Cup;Round of 16;Wed 27/10/2021;5:00 odp.;Teplice;Sparta Prague;4-2-3-1;Pavel Vrba;3.412;0,001388889
MOL Cup;Quarter-Finals;Wed 09/02/2022;5:00 odp.;Slavia Praha;Sparta Prague;4-2-3-1;Pavel Vrba;1.000;0,001388889
MOL Cup;Semi-Finals;Wed 02/03/2022;6:00 odp.;Sparta Prague;Jablonec;4-2-3-1;Pavel Vrba;4.986;4:3 AET
MOL Cup;Final;Wed 18/05/2022;5:00 odp.;Slovacko;Sparta Prague;4-2-3-1;Michal Hornak;7.991;0,125694444
Chance Liga;1;Sat 22/08/2020;7:30 odp.;Zbrojovka Brno (16.);Sparta Prague (2.);03.05.2002;Vaclav Kotal;2.500;0,044444444
Chance Liga;2;Sun 30/08/2020;7:00 odp.;Sparta Prague (3.);Sigma Olomouc (8.);03.05.2002;Vaclav Kotal;4.613;0,125
Chance Liga;3;Sun 13/09/2020;4:30 odp.;Karvina (6.);Sparta Prague (2.);03.05.2002;Vaclav Kotal;2.914;0,086805556
Chance Liga;4;Sun 20/09/2020;6:00 odp.;Sparta Prague (1.);Fastav Zlin (7.);3-4-1-2;Vaclav Kotal;5.469;0,125694444
Chance Liga;5;Sun 27/09/2020;6:00 odp.;Pribram (18.);Sparta Prague (1.);4-4-2 Diamond;Vaclav Kotal;1.800;0,04375
Chance Liga;6;Sat 03/10/2020;7:00 odp.;Sparta Prague (1.);Jablonec (6.);03.05.2002;Vaclav Kotal;1.931;0,084027778
Chance Liga;7;Sun 08/11/2020;6:15 odp.;Viktoria Plzeň (3.);Sparta Prague (1.);03.05.2002;Vaclav Kotal;x;0,125694444
Chance Liga;8;Sun 22/11/2020;6:30 odp.;Sparta Prague (2.);C. Budejovice (14.);4-2-3-1;Vaclav Kotal;x;0,086111111
Chance Liga;9;Sun 29/11/2020;4:00 odp.;Teplice (13.);Sparta Prague (2.);03.05.2002;Vaclav Kotal;x;0,000694444
Chance Liga;10;Sun 06/12/2020;6:30 odp.;Sparta Prague (2.);Slavia Praha (1.);03.05.2002;Vaclav Kotal;x;0,002083333
Chance Liga;11;Sun 13/12/2020;4:00 odp.;Slovacko (5.);Sparta Prague (2.);03.05.2002;Vaclav Kotal;x;0,043055556
Chance Liga;12;Wed 16/12/2020;4:00 odp.;Sparta Prague (2.);Pardubice (8.);03.05.2002;Vaclav Kotal;x;0,083333333
Chance Liga;13;Wed 20/01/2021;6:00 odp.;SFC Opava (17.);Sparta Prague (2.);03.05.2002;Vaclav Kotal;x;0,002083333
Chance Liga;14;Tue 22/12/2020;5:00 odp.;Sparta Prague (2.);Slovan Liberec (9.);4-2-3-1;Vaclav Kotal;x;0,042361111
Chance Liga;15;Sun 17/01/2021;6:30 odp.;Banik Ostrava (11.);Sparta Prague (2.);04.04.2002;Vaclav Kotal;x;0
Chance Liga;16;Sun 24/01/2021;6:30 odp.;Sparta Prague (2.);Mlada Boleslav (17.);03.05.2002;Vaclav Kotal;x;0,041666667
Chance Liga;17;Sat 30/01/2021;6:30 odp.;Sparta Prague (2.);Bohemians 1905 (13.);03.05.2002;Vaclav Kotal;x;0,000694444
Chance Liga;18;Sun 07/02/2021;6:30 odp.;Sigma Olomouc (7.);Sparta Prague (2.);4-2-3-1;Pavel Vrba;x;0,085416667
Chance Liga;19;Sun 14/02/2021;4:00 odp.;Sparta Prague (2.);Karvina (11.);4-2-3-1;Pavel Vrba;x;0,16875
Chance Liga;20;Sat 20/02/2021;4:30 odp.;Fastav Zlin (13.);Sparta Prague (2.);4-2-3-1;Pavel Vrba;x;0,002083333
Chance Liga;21;Tue 09/03/2021;6:00 odp.;Sparta Prague (2.);Pribram (17.);4-2-3-1;Pavel Vrba;x;0,166666667
Chance Liga;22;Wed 14/04/2021;6:00 odp.;Jablonec (4.);Sparta Prague (2.);4-2-3-1;Pavel Vrba;x;0,041666667
Chance Liga;23;Wed 12/05/2021;6:00 odp.;Sparta Prague (2.);Viktoria Plzeň (6.);4-2-3-1;Pavel Vrba;x;0,125694444
Chance Liga;24;Sun 21/03/2021;4:00 odp.;C. Budejovice (10.);Sparta Prague (2.);4-2-3-1;Pavel Vrba;x;0
Chance Liga;25;Sat 03/04/2021;6:30 odp.;Sparta Prague (2.);Teplice (14.);4-2-3-1;Pavel Vrba;x;0,293055556
Chance Liga;26;Sun 11/04/2021;6:30 odp.;Slavia Praha (1.);Sparta Prague (2.);4-2-3-1;Pavel Vrba;x;0,083333333
Chance Liga;27;Sun 18/04/2021;6:30 odp.;Sparta Prague (2.);Slovacko (4.);4-2-3-1;Pavel Vrba;x;0,041666667
Chance Liga;28;Wed 21/04/2021;5:00 odp.;Pardubice (7.);Sparta Prague (2.);4-2-3-1;Pavel Vrba;x;0,084722222
Chance Liga;29;Sun 25/04/2021;4:00 odp.;Sparta Prague (2.);SFC Opava (18.);4-2-3-1;Pavel Vrba;x;0,168055556
Chance Liga;30;Sun 02/05/2021;5:00 odp.;Slovan Liberec (6.);Sparta Prague (2.);4-2-3-1;Pavel Vrba;850;0,084722222
Chance Liga;31;Sun 09/05/2021;7:30 odp.;Sparta Prague (2.);Banik Ostrava (8.);4-2-3-1;Pavel Vrba;1.430;0,125694444
Chance Liga;32;Sun 16/05/2021;5:00 odp.;Mlada Boleslav (13.);Sparta Prague (2.);4-2-3-1;Pavel Vrba;286;0,170138889
Chance Liga;33;Sun 23/05/2021;5:00 odp.;Bohemians 1905 (9.);Sparta Prague (2.);4-2-3-1;Pavel Vrba;734;0,043055556
Chance Liga;34;Sat 29/05/2021;5:00 odp.;Sparta Prague (2.);Zbrojovka Brno (16.);04.05.2001;Pavel Vrba;2.983;0,250694444
UEFA Europa League;Group H;Thu 22/10/2020;9:00 odp.;Sparta Prague;Lille;4-2-3-1;Vaclav Kotal;x;0,044444444
UEFA Europa League;Group H;Thu 29/10/2020;6:55 odp.;AC Milan;Sparta Prague;4-2-3-1;Vaclav Kotal;x;0,125
UEFA Europa League;Group H;Thu 05/11/2020;9:00 odp.;Celtic;Sparta Prague;4-2-3-1;Vaclav Kotal;x;0,044444444
UEFA Europa League;Group H;Thu 26/11/2020;6:55 odp.;Sparta Prague;Celtic;03.05.2002;Vaclav Kotal;x;0,167361111
UEFA Europa League;Group H;Thu 03/12/2020;6:55 odp.;Lille;Sparta Prague;03.05.2002;Vaclav Kotal;x;0,084027778
UEFA Europa League;Group H;Thu 10/12/2020;9:00 odp.;Sparta Prague;AC Milan;3-4-1-2;Vaclav Kotal;x;0,000694444
MOL Cup;Third Round;Wed 30/09/2020;3:00 odp.;Sparta Prague;Blansko;4-2-3-1;Vaclav Kotal;x;0,083333333
MOL Cup;Round of 16;Wed 17/03/2021;4:30 odp.;Sparta Prague;Banik Ostrava;4-2-3-1;Pavel Vrba;x;0,041666667
MOL Cup;Quarter-Finals;Wed 07/04/2021;3:30 odp.;Sparta Prague;Jablonec;4-2-3-1;Pavel Vrba;x;0,167361111
MOL Cup;Semi-Finals;Wed 05/05/2021;5:30 odp.;Sparta Prague;Slavia Praha;4-2-3-1;Pavel Vrba;1.420;0,002083333
Chance Liga Championship Group;1;Sat 20/06/2020;5:30 odp.;Sparta Prague (3.);Slovan Liberec (4.);4-1-4-1;Vaclav Kotal;1.870;0,167361111
Chance Liga Championship Group;2;Tue 23/06/2020;8:00 odp.;Sparta Prague (3.);Banik Ostrava (6.);4-3-3 Attacking;Vaclav Kotal;3.728;0,126388889
Chance Liga Championship Group;3;Sun 28/06/2020;4:30 odp.;Viktoria Plzeň (2.);Sparta Prague (3.);4-1-4-1;Vaclav Kotal;2.925;0,084027778
Chance Liga Championship Group;4;Sun 05/07/2020;5:00 odp.;Sparta Prague (3.);Jablonec (5.);4-2-3-1;Vaclav Kotal;3.700;0,125
Chance Liga Championship Group;5;Wed 08/07/2020;6:00 odp.;Slavia Praha (1.);Sparta Prague (3.);4-1-4-1;Vaclav Kotal;4.700;0
Chance Liga;1;Sun 14/07/2019;7:00 odp.;Sparta Prague (3.);Slovacko (9.);4-2-3-1;Vaclav Jilek;14.155;0,001388889
Chance Liga;2;Sat 20/07/2019;7:30 odp.;Sparta Prague (15.);Jablonec (2.);4-2-3-1;Vaclav Jilek;10.867;0,083333333
Chance Liga;3;Mon 29/07/2019;6:00 odp.;C. Budejovice (4.);Sparta Prague (7.);4-2-3-1;Vaclav Jilek;6.681;0,084722222
Chance Liga;4;Sun 04/08/2019;7:00 odp.;Sparta Prague (7.);Pribram (8.);4-2-3-1;Vaclav Jilek;11.007;0,125
Chance Liga;5;Sun 11/08/2019;7:00 odp.;Mlada Boleslav (6.);Sparta Prague (3.);4-2-3-1;Vaclav Jilek;5.000;0,16875
Chance Liga;6;Sun 18/08/2019;12:00 dop.;Sparta Prague (7.);Banik Ostrava (4.);4-2-3-1;Vaclav Jilek;14.123;0,083333333
Chance Liga;7;Sun 25/08/2019;7:00 odp.;Slovan Liberec (13.);Sparta Prague (5.);4-2-3-1;Vaclav Jilek;8.765;0,125694444
Chance Liga;8;Sun 01/09/2019;7:00 odp.;Sparta Prague (7.);Sigma Olomouc (8.);4-2-3-1;Vaclav Jilek;9.407;0,127083333
Chance Liga;9;Sun 15/09/2019;3:00 odp.;Fastav Zlin (11.);Sparta Prague (7.);4-2-3-1;Vaclav Jilek;5.650;0,001388889
Chance Liga;10;Sun 22/09/2019;6:00 odp.;Sparta Prague (6.);Slavia Praha (1.);4-2-3-1;Vaclav Jilek;17.292;0,002083333
Chance Liga;11;Sun 29/09/2019;6:00 odp.;Viktoria Plzeň (2.);Sparta Prague (8.);4-2-3-1;Vaclav Jilek;11.536;0,041666667
Chance Liga;12;Sat 05/10/2019;7:00 odp.;Sparta Prague (10.);Karvina (12.);4-2-3-1;Vaclav Jilek;7.181;0,166666667
Chance Liga;13;Sun 20/10/2019;6:00 odp.;Teplice (9.);Sparta Prague (8.);4-2-3-1;Vaclav Jilek;12.362;0,042361111
Chance Liga;14;Sat 26/10/2019;5:00 odp.;Sparta Prague (7.);Bohemians 1905 (10.);4-2-3-1;Vaclav Jilek;12.157;0,166666667
Chance Liga;15;Sun 03/11/2019;5:00 odp.;SFC Opava (16.);Sparta Prague (7.);4-2-3-1;Vaclav Jilek;4.566;0,000694444
Chance Liga;16;Sat 09/11/2019;5:00 odp.;Jablonec (3.);Sparta Prague (6.);4-2-3-1;Vaclav Jilek;4.103;0,084722222
Chance Liga;17;Fri 22/11/2019;6:00 odp.;Sparta Prague (6.);C. Budejovice (8.);4-2-3-1;Vaclav Jilek;10.057;0,127083333
Chance Liga;18;Sat 30/11/2019;5:00 odp.;Pribram (15.);Sparta Prague (6.);4-2-3-1;Vaclav Jilek;4.865;0,000694444
Chance Liga;19;Sun 08/12/2019;5:00 odp.;Sparta Prague (4.);Mlada Boleslav (3.);4-2-3-1;Vaclav Jilek;9.573;0,209722222
Chance Liga;20;Sat 14/12/2019;5:00 odp.;Banik Ostrava (6.);Sparta Prague (3.);4-2-3-1;Vaclav Jilek;13.535;0
Chance Liga;21;Sat 15/02/2020;5:00 odp.;Sparta Prague (4.);Slovan Liberec (9.);4-2-3-1;Vaclav Jilek;12.236;0,001388889
Chance Liga;22;Sun 23/02/2020;5:00 odp.;Sigma Olomouc (10.);Sparta Prague (5.);4-3-3 Attacking;Vaclav Kotal;7.456;0,041666667
Chance Liga;23;Sat 29/02/2020;5:00 odp.;Sparta Prague (9.);Fastav Zlin (13.);4-2-3-1;Vaclav Kotal;9.007;0,084722222
Chance Liga;24;Sun 08/03/2020;5:00 odp.;Slavia Praha (1.);Sparta Prague (7.);4-2-3-1;Vaclav Kotal;19.370;0,042361111
Chance Liga;25;Wed 27/05/2020;8:00 odp.;Sparta Prague (9.);Viktoria Plzeň (2.);4-2-3-1;Vaclav Kotal;x;0,043055556
Chance Liga;26;Sun 31/05/2020;6:00 odp.;Karvina (13.);Sparta Prague (9.);4-3-3 Attacking;Vaclav Kotal;25;0,044444444
Chance Liga;27;Wed 03/06/2020;8:00 odp.;Sparta Prague (7.);Teplice (12.);4-1-4-1;Vaclav Kotal;120;0,125
Chance Liga;28;Sat 06/06/2020;8:00 odp.;Bohemians 1905 (10.);Sparta Prague (6.);4-2-3-1;Vaclav Kotal;125;0,000694444
Chance Liga;29;Wed 10/06/2020;6:00 odp.;Sparta Prague (5.);SFC Opava (15.);4-2-3-1;Vaclav Kotal;300;0,083333333
Chance Liga;30;Sun 14/06/2020;5:00 odp.;Slovacko (8.);Sparta Prague (4.);4-2-3-1;Vaclav Kotal;300;0,001388889
UEFA Europa League Qualifying;3rd round 1st leg;Thu 08/08/2019;6:00 odp.;Sparta Prague;Trabzonspor;4-1-4-1;Vaclav Jilek;x;0,084722222
UEFA Europa League Qualifying;3rd round 2nd leg;Thu 15/08/2019;7:30 odp.;Trabzonspor;Sparta Prague;4-3-3 Attacking;Vaclav Jilek;40.782;0,084027778
MOL Cup;Third Round;Wed 25/09/2019;5:00 odp.;Jihlava;Sparta Prague;4-2-3-1;Vaclav Jilek;3.676;0,043055556
MOL Cup;Round of 16;Wed 30/10/2019;5:00 odp.;C. Budejovice;Sparta Prague;4-2-3-1;Vaclav Jilek;6.117;0,002777778
MOL Cup;Quarter-Finals;Wed 04/03/2020;6:00 odp.;Sparta Prague;Banik Ostrava;4-3-3 Defending;Vaclav Kotal;9.097;0,208333333
MOL Cup;Semi-Finals;Wed 17/06/2020;8:15 odp.;Sparta Prague;Viktoria Plzeň;4-2-3-1;Vaclav Kotal;1.951;0,084027778
MOL Cup;Final;Wed 01/07/2020;8:15 odp.;Slovan Liberec;Sparta Prague;4-3-3 Attacking;Vaclav Kotal;2.351;0,043055556
Chance Liga Championship Group;1;Sat 04/05/2019;5:30 odp.;Sparta Prague (3.);Banik Ostrava (5.);4-2-3-1;Michal Hornak;11.423;0,125
Chance Liga Championship Group;2;Sat 11/05/2019;8:00 odp.;Sparta Prague (3.);Slovan Liberec (6.);4-2-3-1;Michal Hornak;7.267;0,041666667
Chance Liga Championship Group;3;Wed 15/05/2019;5:30 odp.;Viktoria Plzeň (2.);Sparta Prague (3.);4-2-3-1;Michal Hornak;8.842;0,166666667
Chance Liga Championship Group;4;Sun 19/05/2019;3:00 odp.;Sparta Prague (3.);Jablonec (4.);4-2-3-1;Michal Hornak;7.125;0,083333333
Chance Liga Championship Group;5;Sun 26/05/2019;3:00 odp.;Slavia Praha (1.);Sparta Prague (3.);4-2-3-1;Michal Hornak;17.986;0,084027778
Chance Liga;1;Sat 21/07/2018;7:00 odp.;Sparta Prague (3.);SFC Opava (13.);4-2-3-1;Pavel Hapal;12.186;0,083333333
Chance Liga;2;Sun 29/07/2018;6:00 odp.;Jablonec (12.);Sparta Prague (3.);4-2-3-1;Zdenek Scasny;5.950;0,043055556
Chance Liga;3;Sun 05/08/2018;6:00 odp.;Sparta Prague (3.);Slovacko (8.);04.04.2002;Zdenek Scasny;9.034;0,041666667
Chance Liga;4;Sun 12/08/2018;6:00 odp.;Teplice (7.);Sparta Prague (3.);04.04.2002;Zdenek Scasny;15.131;0,002777778
Chance Liga;5;Sun 19/08/2018;6:00 odp.;Sparta Prague (2.);Pribram (5.);04.04.2002;Zdenek Scasny;11.987;0,084722222
Chance Liga;6;Fri 24/08/2018;6:30 odp.;Bohemians 1905 (9.);Sparta Prague (2.);04.04.2002;Zdenek Scasny;4.931;0,042361111
Chance Liga;7;Fri 31/08/2018;6:30 odp.;Sparta Prague (4.);Dukla Prague (16.);4-4-2 double 6;Zdenek Scasny;9.824;0,083333333
Chance Liga;8;Mon 17/09/2018;6:00 odp.;Banik Ostrava (5.);Sparta Prague (3.);04.04.2002;Zdenek Scasny;14.212;0,000694444
Chance Liga;9;Sat 22/09/2018;7:00 odp.;Sparta Prague (3.);Slovan Liberec (9.);03.05.2002;Zdenek Scasny;11.867;0,167361111
Chance Liga;10;Fri 28/09/2018;7:00 odp.;Viktoria Plzeň (3.);Sparta Prague (2.);03.05.2002;Zdenek Scasny;11.489;0,041666667
Chance Liga;11;Sat 06/10/2018;7:00 odp.;Sigma Olomouc (15.);Sparta Prague (3.);04.04.2002;Zdenek Scasny;7.259;0,041666667
Chance Liga;12;Mon 22/10/2018;6:00 odp.;Sparta Prague (3.);Mlada Boleslav (10.);04.04.2002;Zdenek Scasny;9.147;0,167361111
Chance Liga;13;Sat 27/10/2018;5:00 odp.;Fastav Zlin (6.);Sparta Prague (3.);4-4-2 Diamond;Zdenek Scasny;5.147;0,041666667
Chance Liga;14;Sun 04/11/2018;5:00 odp.;Sparta Prague (4.);Slavia Praha (1.);4-4-2 double 6;Zdenek Scasny;17.398;0,084722222
Chance Liga;15;Sat 10/11/2018;2:00 odp.;Karvina (15.);Sparta Prague (3.);04.04.2002;Zdenek Scasny;4.260;0,04375
Chance Liga;16;Sun 25/11/2018;5:00 odp.;Sparta Prague (3.);Jablonec (4.);04.04.2002;Zdenek Scasny;11.604;0
Chance Liga;17;Sat 01/12/2018;5:00 odp.;Slovacko (13.);Sparta Prague (3.);04.04.2002;Zdenek Scasny;5.124;0,084027778
Chance Liga;18;Sun 09/12/2018;5:00 odp.;Sparta Prague (4.);Teplice (9.);04.04.2002;Zdenek Scasny;6.420;0,000694444
Chance Liga;19;Sat 15/12/2018;5:00 odp.;Pribram (11.);Sparta Prague (5.);04.04.2002;Zdenek Scasny;4.182;0,042361111
Chance Liga;20;Sun 10/02/2019;5:00 odp.;Sparta Prague (5.);Bohemians 1905 (13.);4-2-3-1;Zdenek Scasny;11.625;0,041666667
Chance Liga;21;Mon 18/02/2019;6:00 odp.;Dukla Prague (15.);Sparta Prague (4.);4-2-3-1;Zdenek Scasny;6.122;0,085416667
Chance Liga;22;Sun 24/02/2019;5:00 odp.;Sparta Prague (3.);Banik Ostrava (4.);4-2-3-1;Zdenek Scasny;15.225;0,126388889
Chance Liga;23;Sat 02/03/2019;5:00 odp.;Slovan Liberec (6.);Sparta Prague (3.);4-2-3-1;Zdenek Scasny;9.546;0,000694444
Chance Liga;24;Sat 09/03/2019;5:30 odp.;Sparta Prague (3.);Viktoria Plzeň (2.);4-2-3-1;Zdenek Scasny;16.110;0,166666667
Chance Liga;25;Sat 16/03/2019;5:30 odp.;Sparta Prague (3.);Sigma Olomouc (9.);4-2-3-1;Zdenek Scasny;11.307;0,084027778
Chance Liga;26;Sat 30/03/2019;3:00 odp.;Mlada Boleslav (8.);Sparta Prague (3.);4-2-3-1;Zdenek Scasny;5.000;0,084027778
Chance Liga;27;Mon 08/04/2019;6:00 odp.;Sparta Prague (3.);Fastav Zlin (7.);4-2-3-1;Zdenek Scasny;9.325;0,083333333
Chance Liga;28;Sun 14/04/2019;6:00 odp.;Slavia Praha (1.);Sparta Prague (3.);4-2-3-1;Zdenek Scasny;19.370;0,042361111
Chance Liga;29;Sun 21/04/2019;5:00 odp.;Sparta Prague (3.);Karvina (15.);4-2-3-1;Zdenek Scasny;10.425;0,04375
Chance Liga;30;Sat 27/04/2019;5:00 odp.;SFC Opava (12.);Sparta Prague (3.);4-2-3-1;Michal Hornak;5.188;0,002083333
UEFA Europa League Qualifying;Second Round 1st leg;Thu 26/07/2018;8:45 odp.;Spartak;Sparta Prague;4-1-4-1;Pavel Hapal;4.000;0,083333333
UEFA Europa League Qualifying;Second Round 2nd leg;Thu 02/08/2018;7:00 odp.;Sparta Prague;Spartak;04.04.2002;Zdenek Scasny;12.068;0,084027778
MOL Cup;Third Round;Tue 02/10/2018;3:30 odp.;Slavoj Polna;Sparta Prague;4-4-2 double 6;Zdenek Scasny;3.450;0,044444444
MOL Cup;Round of 16;Wed 28/11/2018;3:45 odp.;SFC Opava;Sparta Prague;4-2-3-1;Zdenek Scasny;6.792;0:1 on pens
MOL Cup;Quarter-Finals;Tue 02/04/2019;5:00 odp.;Teplice;Sparta Prague;4-2-3-1;Zdenek Scasny;7.361;2:3 on pens
MOL Cup;Semi-Finals;Wed 24/04/2019;7:30 odp.;Slavia Praha;Sparta Prague;4-2-3-1;Zdenek Scasny;16.264;0,125
Chance Liga;1;Sun 30/07/2017;7:00 odp.;Sparta Prague (5.);Bohemians 1905 (7.);4-2-3-1;Andrea Stramaccioni;16.724;0,042361111
Chance Liga;2;Mon 07/08/2017;5:00 odp.;Mlada Boleslav (11.);Sparta Prague (10.);4-2-3-1;Andrea Stramaccioni;5.000;0,000694444
Chance Liga;3;Sun 13/08/2017;6:00 odp.;Slovan Liberec (7.);Sparta Prague (5.);4-2-3-1;Andrea Stramaccioni;9.900;0,042361111
Chance Liga;4;Fri 18/08/2017;8:15 odp.;Sparta Prague (5.);Slovacko (6.);4-2-3-1;Andrea Stramaccioni;11.696;0,041666667
Chance Liga;5;Sat 26/08/2017;5:00 odp.;Zbrojovka Brno (16.);Sparta Prague (4.);4-2-3-1;Andrea Stramaccioni;8.016;0,083333333
Chance Liga;6;Sun 10/09/2017;6:00 odp.;Sparta Prague (6.);Karvina (13.);4-2-3-1;Andrea Stramaccioni;9.320;0,083333333
Chance Liga;7;Sun 17/09/2017;6:00 odp.;Slavia Praha (2.);Sparta Prague (4.);4-2-3-1;Andrea Stramaccioni;19.084;0,083333333
Chance Liga;8;Sun 24/09/2017;6:00 odp.;Sparta Prague (5.);Teplice (10.);4-2-3-1;Andrea Stramaccioni;7.974;0,125
Chance Liga;9;Sat 30/09/2017;8:00 odp.;Dukla Prague (7.);Sparta Prague (4.);4-2-3-1;Andrea Stramaccioni;6.547;0
Chance Liga;10;Sun 15/10/2017;6:00 odp.;Sparta Prague (5.);Viktoria Plzeň (1.);4-2-3-1;Andrea Stramaccioni;17.134;0,000694444
Chance Liga;11;Sat 21/10/2017;6:15 odp.;Jablonec (4.);Sparta Prague (6.);4-2-3-1;Andrea Stramaccioni;4.880;0,002083333
Chance Liga;12;Sun 29/10/2017;6:00 odp.;Sparta Prague (5.);Banik Ostrava (14.);4-2-3-1;Andrea Stramaccioni;9.125;0,126388889
Chance Liga;13;Sun 05/11/2017;4:00 odp.;Fastav Zlin (9.);Sparta Prague (5.);4-2-3-1;Andrea Stramaccioni;5.492;0,084722222
Chance Liga;14;Fri 17/11/2017;3:00 odp.;Sparta Prague (5.);Jihlava (12.);4-2-3-1;Andrea Stramaccioni;7.165;0,041666667
Chance Liga;15;Sun 26/11/2017;6:00 odp.;Sigma Olomouc (2.);Sparta Prague (5.);4-2-3-1;Andrea Stramaccioni;11.028;0,041666667
Chance Liga;16;Sun 03/12/2017;6:00 odp.;Sparta Prague (5.);Mlada Boleslav (11.);4-4-1-1;Andrea Stramaccioni;6.234;0,125
Chance Liga;17;Sun 18/02/2018;6:00 odp.;Sparta Prague (5.);Slovan Liberec (4.);4-2-3-1;Andrea Stramaccioni;13.811;0,083333333
Chance Liga;18;Sat 24/02/2018;4:30 odp.;Slovacko (14.);Sparta Prague (4.);4-2-3-1;Andrea Stramaccioni;4.820;0,042361111
Chance Liga;19;Sun 04/03/2018;6:00 odp.;Sparta Prague (5.);Zbrojovka Brno (12.);4-2-3-1;Andrea Stramaccioni;7.513;0,042361111
Chance Liga;20;Sat 10/03/2018;3:00 odp.;Karvina (9.);Sparta Prague (5.);4-1-4-1;Pavel Hapal;4.833;0,042361111
Chance Liga;21;Sat 17/03/2018;5:30 odp.;Sparta Prague (5.);Slavia Praha (2.);4-2-3-1;Pavel Hapal;17.034;0,127083333
Chance Liga;22;Sat 31/03/2018;6:00 odp.;Teplice (8.);Sparta Prague (6.);4-2-3-1;Pavel Hapal;10.142;0,042361111
Chance Liga;23;Sat 07/04/2018;3:00 odp.;Sparta Prague (6.);Dukla Prague (12.);4-4-2 Diamond;Pavel Hapal;11.123;0,125
Chance Liga;24;Sun 15/04/2018;6:00 odp.;Viktoria Plzeň (1.);Sparta Prague (6.);4-4-2 Diamond;Pavel Hapal;11.623;0,084722222
Chance Liga;25;Fri 20/04/2018;8:15 odp.;Sparta Prague (6.);Jablonec (5.);4-4-2 Diamond;Pavel Hapal;12.289;0,083333333
Chance Liga;26;Sat 28/04/2018;3:00 odp.;Banik Ostrava (15.);Sparta Prague (4.);4-2-3-1;Pavel Hapal;15.020;0,126388889
Chance Liga;27;Fri 04/05/2018;7:15 odp.;Sparta Prague (5.);Fastav Zlin (10.);4-4-2 double 6;Pavel Hapal;9.437;0,084027778
Chance Liga;28;Fri 11/05/2018;5:30 odp.;Jihlava (12.);Sparta Prague (5.);4-4-2 double 6;Pavel Hapal;4.500;0,000694444
Chance Liga;29;Sat 19/05/2018;4:00 odp.;Sparta Prague (5.);Sigma Olomouc (3.);4-2-3-1;Pavel Hapal;14.297;0,041666667
Chance Liga;30;Sat 26/05/2018;4:00 odp.;Bohemians 1905 (7.);Sparta Prague (4.);4-2-3-1;Pavel Hapal;4.970;0
UEFA Europa League Qualifying;3rd round 1st leg;Thu 27/07/2017;8:30 odp.;Red Star;Sparta Prague;4-3-3 Defending;Andrea Stramaccioni;32.816;0,083333333
UEFA Europa League Qualifying;3rd round 2nd leg;Thu 03/08/2017;7:00 odp.;Sparta Prague;Red Star;4-2-3-1;Andrea Stramaccioni;16.808;0,000694444
MOL Cup;Third Round;Wed 20/09/2017;4:00 odp.;1.SC Znojmo;Sparta Prague;4-2-3-1;Andrea Stramaccioni;3.100;0,000694444
MOL Cup;Round of 16;Wed 25/10/2017;5:00 odp.;Sparta Prague;Banik Ostrava;4-2-3-1;Andrea Stramaccioni;4.213;2:3 on pens
Chance Liga;1;Sat 30/07/2016;8:15 odp.;Sparta Prague (3.);Slovacko (12.);4-2-3-1;Zdenek Scasny;7.181;0,126388889
Chance Liga;2;Sun 07/08/2016;7:00 odp.;Teplice (8.);Sparta Prague (6.);04.05.2001;Zdenek Scasny;14.782;0
Chance Liga;3;Sat 13/08/2016;8:00 odp.;Bohemians 1905 (15.);Sparta Prague (5.);04.05.2001;Zdenek Scasny;5.000;0,001388889
Chance Liga;4;Sun 21/08/2016;7:30 odp.;Sparta Prague (4.);Jablonec (2.);4-2-3-1;Zdenek Scasny;8.336;0,125
Chance Liga;5;Sun 28/08/2016;5:00 odp.;Dukla Prague (11.);Sparta Prague (1.);4-4-2 double 6;Zdenek Scasny;6.243;0,001388889
Chance Liga;6;Sat 10/09/2016;3:00 odp.;Sparta Prague (2.);Mlada Boleslav (3.);4-2-3-1;Zdenek Scasny;14.091;0,084722222
Chance Liga;7;Mon 19/09/2016;5:00 odp.;Fastav Zlin (1.);Sparta Prague (2.);4-2-3-1;Zdenek Scasny;5.981;0,042361111
Chance Liga;8;Sun 25/09/2016;3:30 odp.;Sparta Prague (4.);Slavia Praha (5.);04.04.2002;Zdenek Scasny;18.397;0,001388889
Chance Liga;9;Sun 02/10/2016;2:30 odp.;Zbrojovka Brno (12.);Sparta Prague (5.);4-2-3-1;David Holoubek;9.223;0,127083333
Chance Liga;10;Sun 16/10/2016;3:00 odp.;Sparta Prague (5.);Jihlava (15.);4-4-2 double 6;David Holoubek;8.447;0,125
Chance Liga;11;Sun 23/10/2016;6:00 odp.;Viktoria Plzeň (2.);Sparta Prague (5.);4-2-3-1;David Holoubek;11.651;0,041666667
Chance Liga;12;Sat 29/10/2016;3:00 odp.;Sparta Prague (5.);Pribram (16.);4-4-2 double 6;David Holoubek;7.109;0,166666667
Chance Liga;13;Sun 06/11/2016;3:00 odp.;Slovan Liberec (11.);Sparta Prague (5.);4-2-3-1;David Holoubek;6.668;0
Chance Liga;14;Sun 20/11/2016;3:00 odp.;Sparta Prague (5.);Karvina (7.);4-4-2 double 6;David Holoubek;7.283;0,125
Chance Liga;15;Sun 27/11/2016;1:00 odp.;Hradec Kralove (10.);Sparta Prague (5.);4-4-2 double 6;David Holoubek;4.500;0,043055556
Chance Liga;16;Sat 03/12/2016;3:00 odp.;Sparta Prague (4.);Teplice (6.);4-4-2 double 6;David Holoubek;7.522;0,084027778
Chance Liga;17;Sun 19/02/2017;5:30 odp.;Sparta Prague (3.);Bohemians 1905 (10.);4-2-3-1;Tomas Pozar;11.392;0,041666667
Chance Liga;18;Sun 26/02/2017;5:30 odp.;Jablonec (8.);Sparta Prague (3.);4-2-3-1;Tomas Pozar;4.062;0,125694444
Chance Liga;19;Sat 04/03/2017;6:00 odp.;Sparta Prague (3.);Dukla Prague (10.);04.04.2002;Tomas Pozar;8.936;0,041666667
Chance Liga;20;Sun 12/03/2017;3:30 odp.;Mlada Boleslav (5.);Sparta Prague (3.);4-3-3 Attacking;Tomas Pozar;4.928;0,041666667
Chance Liga;21;Fri 17/03/2017;8:15 odp.;Sparta Prague (3.);Fastav Zlin (4.);4-3-3 Attacking;Petr Rada;7.842;0
Chance Liga;22;Sun 02/04/2017;5:30 odp.;Slavia Praha (2.);Sparta Prague (3.);4-4-2 double 6;Petr Rada;19.084;0,042361111
Chance Liga;23;Sun 09/04/2017;5:30 odp.;Sparta Prague (3.);Zbrojovka Brno (11.);4-4-2 double 6;Petr Rada;8.997;0,126388889
Chance Liga;24;Sat 15/04/2017;8:15 odp.;Jihlava (15.);Sparta Prague (3.);4-4-2 double 6;Petr Rada;4.075;0,041666667
Chance Liga;25;Sun 23/04/2017;5:30 odp.;Sparta Prague (3.);Viktoria Plzeň (1.);4-4-2 double 6;Petr Rada;16.830;0,083333333
Chance Liga;26;Fri 28/04/2017;8:15 odp.;Pribram (15.);Sparta Prague (3.);4-2-3-1;Petr Rada;4.285;0,043055556
Chance Liga;27;Sun 07/05/2017;5:00 odp.;Sparta Prague (3.);Slovan Liberec (8.);4-2-3-1;Petr Rada;9.664;0,041666667
Chance Liga;28;Fri 12/05/2017;8:15 odp.;Karvina (8.);Sparta Prague (3.);4-2-3-1;Petr Rada;4.833;0,042361111
Chance Liga;29;Sat 20/05/2017;5:00 odp.;Sparta Prague (3.);Hradec Kralove (15.);4-2-3-1;Petr Rada;8.234;0,126388889
Chance Liga;30;Sat 27/05/2017;5:00 odp.;Slovacko (12.);Sparta Prague (3.);4-2-3-1;Petr Rada;6.082;0,042361111
UEFA Europa League;group K;Thu 15/09/2016;9:05 odp.;Southampton;Sparta Prague;04.04.2002;Zdenek Scasny;25.125;0,125
UEFA Europa League;group K;Thu 29/09/2016;7:00 odp.;Sparta Prague;Inter;4-2-3-1;David Holoubek;14.651;0,125694444
UEFA Europa League;group K;Thu 20/10/2016;7:00 odp.;H. Beer Sheva;Sparta Prague;4-4-2 double 6;David Holoubek;15.607;0,000694444
UEFA Europa League;group K;Thu 03/11/2016;9:05 odp.;Sparta Prague;H. Beer Sheva;4-2-3-1;David Holoubek;12.891;0,083333333
UEFA Europa League;group K;Thu 24/11/2016;7:00 odp.;Sparta Prague;Southampton;4-2-3-1;David Holoubek;17.429;0,041666667
UEFA Europa League;group K;Thu 08/12/2016;9:05 odp.;Inter;Sparta Prague;4-2-3-1;David Holoubek;6.449;0,084027778
UEFA Europa League;intermediate stage 1st leg;Thu 16/02/2017;7:00 odp.;Rostov;Sparta Prague;4-3-3 Attacking;Tomas Pozar;6.160;0,166666667
UEFA Europa League;intermediate stage 2nd leg;Thu 23/02/2017;9:05 odp.;Sparta Prague;Rostov;4-4-2 double 6;Tomas Pozar;13.413;0,042361111
UEFA Europa League Qualifying;Qualifying Round 1st leg;Thu 18/08/2016;6:15 odp.;SönderjyskE;Sparta Prague;4-3-3 Attacking;Zdenek Scasny;4.795;0
UEFA Europa League Qualifying;Qualifying Round 2nd leg;Thu 25/08/2016;8:00 odp.;Sparta Prague;SönderjyskE;4-4-2 double 6;Zdenek Scasny;13.685;0,126388889
UEFA Champions League Qualifying;3rd round 1st leg;Tue 26/07/2016;8:00 odp.;Sparta Prague;Steaua Bucharest;3-5-2 flat;Zdenek Scasny;13.257;0,042361111
UEFA Champions League Qualifying;3rd round 2nd leg;Wed 03/08/2016;7:45 odp.;Steaua Bucharest;Sparta Prague;4-4-2 double 6;Zdenek Scasny;37.127;0,083333333
MOL Cup;Third Round;Wed 12/10/2016;4:00 odp.;C. Budejovice;Sparta Prague;4-4-2 double 6;David Holoubek;4.550;0,043055556
MOL Cup;Round of 16;Wed 26/10/2016;4:30 odp.;Fastav Zlin;Sparta Prague;4-4-2 double 6;David Holoubek;4.485;3:1 AET
Chance Liga;1;Fri 24/07/2015;7:00 odp.;Jihlava (11.);Sparta Prague (2.);03.05.2002;Zdenek Scasny;3.894;0
Chance Liga;2;Sat 01/08/2015;3:00 odp.;Sparta Prague (9.);Banik Ostrava (14.);03.05.2002;Zdenek Scasny;11.021;0,125694444
Chance Liga;3;Sun 09/08/2015;7:15 odp.;Sparta Prague (4.);Fastav Zlin (1.);03.05.2002;Zdenek Scasny;7.960;0,125
Chance Liga;4;Fri 14/08/2015;8:30 odp.;Mlada Boleslav (11.);Sparta Prague (1.);03.05.2002;Zdenek Scasny;5.000;0,086111111
Chance Liga;5;Sun 23/08/2015;7:15 odp.;Sparta Prague (1.);Dukla Prague (7.);4-2-3-1;Zdenek Scasny;9.142;0,083333333
Chance Liga;6;Sun 13/09/2015;3:00 odp.;Jablonec (5.);Sparta Prague (1.);03.05.2002;Zdenek Scasny;6.012;0,042361111
Chance Liga;7;Sun 20/09/2015;5:00 odp.;Sparta Prague (1.);Sigma Olomouc (13.);4-1-4-1;Zdenek Scasny;7.722;0,166666667
Chance Liga;8;Sun 27/09/2015;3:00 odp.;Slavia Praha (6.);Sparta Prague (1.);4-2-3-1;Zdenek Scasny;17.663;0,041666667
Chance Liga;9;Sun 04/10/2015;6:00 odp.;Sparta Prague (1.);Slovacko (8.);4-2-3-1;Zdenek Scasny;7.108;0,166666667
Chance Liga;10;Sun 18/10/2015;3:00 odp.;Pribram (12.);Sparta Prague (1.);4-2-3-1;Zdenek Scasny;6.827;0,002777778
Chance Liga;11;Sun 25/10/2015;6:00 odp.;Sparta Prague (1.);Bohemians 1905 (15.);4-1-4-1;Zdenek Scasny;10.681;0,125
Chance Liga;12;Sun 01/11/2015;3:00 odp.;Viktoria Plzeň (2.);Sparta Prague (1.);04.05.2001;Zdenek Scasny;11.710;0,084027778
Chance Liga;13;Sun 08/11/2015;7:00 odp.;Sparta Prague (2.);Teplice (7.);04.05.2001;Zdenek Scasny;7.766;0,125694444
Chance Liga;14;Sun 22/11/2015;3:00 odp.;Slovan Liberec (4.);Sparta Prague (2.);4-4-2 double 6;Zdenek Scasny;8.165;0,041666667
Chance Liga;15;Mon 30/11/2015;7:15 odp.;Sparta Prague (2.);Zbrojovka Brno (6.);04.05.2001;Zdenek Scasny;5.731;0,084027778
Chance Liga;16;Sun 06/12/2015;3:00 odp.;Banik Ostrava (16.);Sparta Prague (2.);04.05.2001;Zdenek Scasny;3.280;0,000694444
Chance Liga;17;Sat 13/02/2016;2:00 odp.;Fastav Zlin (6.);Sparta Prague (2.);04.05.2001;Zdenek Scasny;5.646;0,043055556
Chance Liga;18;Sun 21/02/2016;3:00 odp.;Sparta Prague (2.);Mlada Boleslav (3.);4-4-2 double 6;Zdenek Scasny;10.120;0,083333333
Chance Liga;19;Wed 20/04/2016;7:30 odp.;Dukla Prague (10.);Sparta Prague (2.);?;Zdenek Scasny;5.762;0,043055556
Chance Liga;20;Sun 06/03/2016;3:00 odp.;Sparta Prague (2.);Jablonec (6.);04.05.2001;Zdenek Scasny;8.935;0,084027778
Chance Liga;21;Sun 13/03/2016;3:00 odp.;Sigma Olomouc (15.);Sparta Prague (2.);4-2-3-1;Zdenek Scasny;8.019;0,001388889
Chance Liga;22;Sun 20/03/2016;7:30 odp.;Sparta Prague (2.);Slavia Praha (5.);4-2-3-1;Zdenek Scasny;18.684;0,125694444
Chance Liga;23;Sat 02/04/2016;5:00 odp.;Slovacko (7.);Sparta Prague (2.);4-3-3 Attacking;Zdenek Scasny;7.765;0,083333333
Chance Liga;24;Sun 10/04/2016;7:30 odp.;Sparta Prague (2.);Pribram (13.);03.05.2002;Zdenek Scasny;7.204;0,084027778
Chance Liga;25;Sun 17/04/2016;6:45 odp.;Bohemians 1905 (13.);Sparta Prague (2.);4-2-3-1;Zdenek Scasny;5.000;0,084722222
Chance Liga;26;Sun 24/04/2016;8:00 odp.;Sparta Prague (2.);Viktoria Plzeň (1.);4-2-3-1;Zdenek Scasny;18.371;0,002083333
Chance Liga;27;Sun 01/05/2016;5:00 odp.;Teplice (11.);Sparta Prague (2.);?;Zdenek Scasny;10.732;0,042361111
Chance Liga;28;Sat 07/05/2016;3:45 odp.;Sparta Prague (2.);Slovan Liberec (3.);4-2-3-1;Zdenek Scasny;8.817;0,125
Chance Liga;29;Wed 11/05/2016;6:15 odp.;Zbrojovka Brno (6.);Sparta Prague (2.);?;Zdenek Scasny;10.200;0,041666667
Chance Liga;30;Sat 14/05/2016;3:30 odp.;Sparta Prague (2.);Jihlava (11.);?;Zdenek Scasny;7.111;0,208333333
UEFA Europa League;group K;Thu 17/09/2015;9:05 odp.;Asteras Tripoli;Sparta Prague;4-1-4-1;Zdenek Scasny;2.984;0,042361111
UEFA Europa League;group K;Thu 01/10/2015;7:00 odp.;Sparta Prague;APOEL Nicosia;3-5-2 flat;Zdenek Scasny;9.130;0,083333333
UEFA Europa League;group K;Thu 22/10/2015;7:00 odp.;FC Schalke 04;Sparta Prague;4-3-3 Attacking;Zdenek Scasny;51.244;0,084722222
UEFA Europa League;group K;Thu 05/11/2015;9:05 odp.;Sparta Prague;FC Schalke 04;4-1-4-1;Zdenek Scasny;17.352;0,042361111
UEFA Europa League;group K;Thu 26/11/2015;7:00 odp.;Sparta Prague;Asteras Tripoli;4-3-3 Attacking;Zdenek Scasny;10.140;0,041666667
UEFA Europa League;group K;Thu 10/12/2015;9:05 odp.;APOEL Nicosia;Sparta Prague;03.05.2002;Zdenek Scasny;5.940;0,04375
UEFA Europa League;intermediate stage 1st leg;Thu 18/02/2016;9:05 odp.;Sparta Prague;Krasnodar;03.05.2002;Zdenek Scasny;14.120;0,041666667
UEFA Europa League;intermediate stage 2nd leg;Thu 25/02/2016;7:00 odp.;Krasnodar;Sparta Prague;03.05.2002;Zdenek Scasny;14.850;0,002083333
UEFA Europa League;last 16 1st leg;Thu 10/03/2016;9:05 odp.;Sparta Prague;Lazio;4-2-3-1;Zdenek Scasny;17.482;0,042361111
UEFA Europa League;last 16 2nd leg;Thu 17/03/2016;7:00 odp.;Lazio;Sparta Prague;4-2-3-1;Zdenek Scasny;18.827;0,002083333
UEFA Europa League;Quarter-Finals 1st leg;Thu 07/04/2016;9:05 odp.;Villarreal;Sparta Prague;3-5-2 flat;Zdenek Scasny;15.803;0,084027778
UEFA Europa League;Quarter-Finals 2nd leg;Thu 14/04/2016;9:05 odp.;Sparta Prague;Villarreal;4-4-2 double 6;Zdenek Scasny;18.201;0,086111111
UEFA Europa League Qualifying;4th round 1st leg;Thu 20/08/2015;7:00 odp.;Sparta Prague;FC Thun;4-4-2 double 6;Zdenek Scasny;12.448;0,125694444
UEFA Europa League Qualifying;4th round 2nd leg;Thu 27/08/2015;7:30 odp.;FC Thun;Sparta Prague;04.05.2001;Zdenek Scasny;6.024;0,127083333
UEFA Champions League Qualifying;3rd round 1st leg;Tue 28/07/2015;6:15 odp.;CSKA Moscow;Sparta Prague;03.05.2002;Zdenek Scasny;10.500;0,084722222
UEFA Champions League Qualifying;3rd round 2nd leg;Wed 05/08/2015;6:45 odp.;Sparta Prague;CSKA Moscow;3-5-2 flat;Zdenek Scasny;16.580;0,085416667
MOL Cup;Third Round;Wed 23/09/2015;4:30 odp.;Kraluv Dvur;Sparta Prague;4-4-2 double 6;Zdenek Scasny;3.080;5:6 on pens
MOL Cup;last 16 1st leg;Tue 17/11/2015;1:00 odp.;Pardubice;Sparta Prague;4-1-4-1;Zdenek Scasny;2.755;0,041666667
MOL Cup;last 16 2nd leg;Thu 03/12/2015;5:30 odp.;Sparta Prague;Pardubice;4-4-1-1;Zdenek Scasny;2.528;0,125694444
MOL Cup;Quarter-Finals 1st leg;Thu 03/03/2016;6:00 odp.;Slovan Liberec;Sparta Prague;03.04.2003;Zdenek Scasny;3.490;0,084027778
MOL Cup;Quarter-Finals 2nd leg;Wed 30/03/2016;6:00 odp.;Sparta Prague;Slovan Liberec;03.05.2002;Zdenek Scasny;2.907;0,083333333
MOL Cup;Semi-Finals 1st Leg;Wed 27/04/2016;5:00 odp.;Jablonec;Sparta Prague;3-5-2 flat;Zdenek Scasny;1.986;0,083333333
MOL Cup;Semi-Finals 2nd Leg;Wed 04/05/2016;5:30 odp.;Sparta Prague;Jablonec;4-2-3-1;Zdenek Scasny;2.538;0,043055556
